1lb,365,almond,and,apple,apples,assorted,avocados,baby,bag,bananas,bar,beans,beef,berry,black,blueberry,bread,breast,broccoli,brown,bunch,butter,carrots,cc,cheddar,cheese,cherry,chicken,chips,chocolate,clm,coconut,cream,ct,cv,dark,donation,eggs,for,free,ginger,greek,green,greens,ground,half,hass,hb,hot,italian,juice,kale,large,lemons,lf,milk,navel,nickel,non,og,onions,orange,oranges,organic,original,pck,pct,peppers,pint,plain,pork,profit,raspberry,red,refund,reg,rice,roasted,roll,s0,s1,s2,salad,salt,sauce,sld,soup,spinach,strawberry,sweet,tea,tomatoes,turkey,vanilla,water,white,whole,wtg,yogurt
0.060969683,0.049531351,0,0.057102234,0.143208321,0,0,0,0,0.045775459,0.163434914,0.047649447,0,0,0.219826059,0.066873674,0,0,0,0,0,0,0,0,0,0,0,0,0,0,0.161816476,0,0.131179877,0,0,0.339176299,0,0,0,0,0,0.201890392,0,0.05058734,0.068970122,0,0.189757931,0,0.20411674,0.063464761,0,0.127185347,0.0710561,0,0,0,0,0.251241139,0,0,0.581088083,0.060352571,0.065812667,0.235950966,0,0,0,0,0,0.130443246,0,0,0,0.071878126,0.099458746,0,0,0.068509952,0,0,0,0,0,0,0.060935425,0,0,0.133138318,0,0.121945079,0,0.063884489,0,0,0,0.120865946,0,0,0.143370525,0
0,0.175776946,0,0,0,0,0.132139154,0,0.106309411,0.162448032,0,0,0,0,0,0,0,0,0,0,0,0,0,0,0,0.120332082,0,0.123638967,0.087633854,0,0.0957091,0,0,0,0,0.401223153,0.126740556,0.130915212,0.111147983,0,0.110456265,0,0,0.089762221,0.122380646,0.114088796,0.112235548,0,0,0,0,0,0,0,0,0,0.090235721,0,0,0,0.343694405,0,0,0,0,0,0,0,0.120198559,0.115729307,0,0,0,0,0,0.104673778,0.58769156,0,0,0.134062512,0,0,0.106550122,0,0,0.118534872,0.101402548,0,0.11832014,0,0,0,0.105372757,0,0,0,0.103689538,0,0,0
0,0,0,0,0,0,0,0,0,0,0,0.314116952,0,0,0,0,0,0,0,0,0,0,0,0,0,0,0,0,0,0,0,0,0,0,0,0,0,0,0,0,0,0,0,0,0,0,0,0,0.448529363,0.83675083,0,0,0,0,0,0,0,0,0,0,0,0,0,0,0,0,0,0,0,0,0,0,0,0,0,0,0,0,0,0,0,0,0,0,0,0,0,0,0,0,0,0,0,0,0,0,0,0,0,0
0,0,0,0,0.176377526,0,0,0.173409823,0,0.112755491,0.134192602,0,0,0,0,0,0,0,0,0,0,0,0,0,0,0,0,0,0,0,0,0,0.484689342,0.157715659,0,0,0,0,0,0,0,0.1657675,0,0,0,0,0,0.173409823,0,0,0,0,0,0,0,0,0.125265574,0,0,0,0.636157192,0,0,0,0,0.163526961,0,0,0,0,0,0,0,0,0,0,0,0,0,0,0,0,0,0,0.150097975,0,0,0,0,0,0,0,0,0,0,0.297720641,0,0.136373269,0.117718199,0
0.065465309,0.02363714,0.007806405,0.068125213,0,0.040933293,0.008884532,0.050393524,0.007147839,0.04368954,0,0.090956266,0.101732045,0.043394644,0.026226114,0.023934878,0,0.065145383,0.218839704,0.023313741,0,0.039099953,0.027835321,0,0.008429085,0,0.052059868,0,0.218010122,0.022004185,0.045045799,0.038242659,0.031300551,0.00763879,0.060570414,0.166356389,0,0.008802239,0.007473166,0.008907305,0.230226373,0.024086319,0,0.102599569,0.106969291,0.069038052,0.128286919,0.050393524,0.024351931,0.022714787,0.015351428,0.007586856,0.118681814,0,0.025949754,0.230069966,0.054603946,0,0.009458504,0.008430059,0.362036278,0.014400599,0,0,0,0.031681019,0.031253769,0.00803782,0,0.023343589,0.230366356,0.017466122,0.00946001,0.008575343,0.02966455,0.056302919,0.023708481,0.008173507,0.030799669,0.027041553,0.051284833,0.046346406,0.193428623,0.097385025,0.007269836,0.039849159,0.034089599,0,0.071598547,0.007274264,0.023443347,0.007621671,0.035424308,0.023393039,0.022165962,0.591211108,0.020915065,0.066050945,0.062717116,0.185561069
0.044764901,0.036366697,0,0.125776077,0.157718705,0.083970039,0,0.051688318,0.087977912,0.067218126,0.039998829,0.244894819,0.048159652,0,0.201749692,0,0.046511363,0.12027457,0,0.047825513,0.043282932,0.096250977,0,0.04840045,0,0.04979129,0,0,0.072522681,0.045139106,0,0,0,0,0.053251448,0.304368263,0,0,0,0,0,0,0,0,0,0,0.13932326,0.051688318,0,0.046596826,0,0.140072226,0,0.047184826,0,0,0,0,0,0,0.639966028,0,0,0,0,0,0.192340755,0,0,0.143660228,0.105015693,0,0,0.105548103,0.073024177,0,0,0,0,0.277363494,0.045087881,0,0,0.138305357,0,0,0,0.195504498,0.048958783,0.044766999,0,0,0,0,0,0,0.085809798,0.040648821,0.035088299,0
0,0,0,0.185703856,0,0,0,0,0,0,0,0,0.213317984,0,0,0,0,0,0.411406516,0,0,0,0,0,0,0.220545147,0.405460049,0,0.321231392,0.199938802,0,0,0,0,0,0,0,0,0,0,0,0,0,0,0,0,0,0,0,0,0,0,0,0,0,0,0,0,0,0,0.104987426,0,0,0,0,0,0,0,0,0,0,0,0,0,0,0,0,0.445606461,0,0,0,0,0.390571024,0,0,0,0,0,0,0,0,0,0,0,0,0,0,0.180049568,0,0
0.078780717,0.064000912,0,0.021080992,0.046260919,0.026388738,0.027492721,0.019492517,0.060826188,0.316863292,0.005028073,0,0.10291686,0.022380411,0.136949643,0.067893129,0.081854274,0.020158899,0.017513484,0.114226666,0.070731731,0.030248192,0.016150303,0.054757823,0,0.012518077,0.046027585,0.038586272,0.041024248,0.039719636,0.039826251,0,0.00605362,0.01181892,0.013387999,0.483476916,0.032961868,0.054476137,0.063594635,0.041344785,0,0.024844619,0.253959487,0.224109896,0.108215101,0.02967148,0.070054798,0.019492517,0,0.011714954,0.005938024,0.070431394,0.085255553,0.065245311,0.040150082,0.056955162,0.028161511,0,0.029268849,0.032607972,0.423092926,0.055702377,0.042519239,0,0,0.006127204,0.102757732,0.118144929,0.056268842,0.10835328,0.006600525,0.040536002,0.029273508,0.03980393,0.059667012,0.337563746,0.036682329,0.031615614,0.005956748,0,0.039674561,0.047805512,0.022168696,0,0.022496129,0.006165557,0,0,0.006154388,0.045019662,0.030226756,0.023584864,0.049328404,0,0.005715951,0.005577658,0.021573526,0.081756483,0.070572672,0.191403019
0,0,0,0,0,0,0,0,0,0,0,0.455823461,0,0,0,0,0,0,0,0,0,0,0,0,0,0,0,0,0,0,0,0,0,0,0,0,0,0,0,0,0,0,0,0,0,0,0,0,0.650872885,0.607115689,0,0,0,0,0,0,0,0,0,0,0,0,0,0,0,0,0,0,0,0,0,0,0,0,0,0,0,0,0,0,0,0,0,0,0,0,0,0,0,0,0,0,0,0,0,0,0,0,0,0
0,0,0,0,0,0,0,0,0,0,0,0.145960269,0,0.185697861,0,0,0,0.167265224,0.19375376,0,0,0,0,0,0.216422517,0,0,0,0,0,0.165225957,0,0,0,0,0,0,0,0,0,0.381369003,0.206144233,0,0,0,0.196955466,0,0,0.41683498,0.194405898,0,0.194797722,0,0,0,0.236288148,0,0,0,0,0.098888606,0,0,0,0,0,0,0,0,0,0.219067174,0,0,0,0,0,0,0,0,0,0,0.198329275,0.183941191,0,0,0,0,0.203915322,0,0,0,0,0,0.20021076,0,0,0,0.169590317,0,0.17645953
0,0.034245272,0,0,0,0.079071706,0,0,0,0.031648502,0.075331051,0.098832451,0,0,0,0.277413045,0,0,0,0,0,0.090636244,0,0,0,0,0.043099348,0.240876299,0,0.042505948,0,0,0,0,0.050145062,0.182390189,0,0,0,0,0,0,0.462751375,0.034975368,0,0,0,0,0,0,0,0,0,0,0,0,0.035159864,0.23160607,0,0,0.357116481,0,0,0.217510859,0,0.137697507,0.045280173,0.232902409,0.046834723,0,0.049444838,0,0,0,0.240675272,0,0,0,0.044622278,0,0,0,0,0,0,0,0,0,0,0,0,0,0,0,0.214092276,0.083564997,0,0,0.165207238,0.358452227
0,0.031343831,0.020703235,0.009033687,0.056639601,0.081418875,0,0,0.085304981,0.246220126,0,0.022614711,0.062261965,0,0.052165378,0,0.060131016,0.034554195,0.020013141,0.072134979,0.055957222,0,0.092276983,0.041715516,0,0,0,0.110233993,0.093759078,0,0.051199375,0.020284543,0,0.010129354,0,0.113278766,0.011299931,0.245114826,0.019819457,0.200794758,0,0.042585947,0.011765129,0.120045262,0.04364484,0,0.030020081,0,0,0,0.020356632,0.020120974,0,0.020333895,0.022940303,0.268472464,0.016090467,0,0.213220295,0.190036343,0.638397824,0.047739482,0,0,0,0.010502587,0,0,0.085733276,0.05159095,0.011313903,0,0.213254232,0.011371262,0.015734571,0.23331254,0.031438432,0.086707281,0,0.011952741,0.038860469,0,0.028499378,0,0.01928021,0.042273314,0.090408454,0,0.010549183,0.009645977,0.020724568,0,0.08455339,0.020680096,0.048988312,0.019121232,0,0.01751726,0.015121001,0.154927734
0,0.114724096,0,0,0,0.03311198,0.043121539,0,0.034692408,0,0.157727737,0,0.037981677,0,0,0,0,0,0,0.037718154,0,0.037954733,0,0.038171585,0,0,0,0.12104291,0,0,0,0,0,0,0,0.043644293,0,0,0,0,0.108137006,0.038968068,0,0.087877477,0,0,0,0,0,0.073498271,0.074508956,0,0,0.074425737,0,0.133998792,0.088341035,0,0,0,0.747728505,0.034947029,0,0,0,0,0,0.078023963,0,0.037766443,0.165643725,0,0,0,0.057591377,0,0,0.039670543,0.298975607,0,0,0,0,0,0,0,0,0.077093462,0,0,0,0,0.343867457,0,0,0.104980756,0,0,0.193709599,0.100070038
0,0,0,0,0,0.078266511,0,0,0.082002156,0.125304888,0.149127895,0.065217354,0,0.165945474,0.075218469,0,0.086704308,0.074736744,0,0,0,0,0,0,0,0.092818595,0,0,0,0,0,0.08774626,0,0,0,0.567389089,0,0,0,0,0,0,0,0.06923842,0,0,0,0,0,0,0,0,0,0,0.19846893,0.316731829,0,0.114623801,0,0,0.353479928,0,0,0.107647962,0,0,0.089638162,0,0.092715601,0.089268227,0,0,0,0,0.136128258,0,0.18132722,0,0,0,0,0.177233305,0,0,0,0.09143231,0.078217229,0,0,0,0,0,0.081279664,0,0.254294583,0,0,0,0.130819933,0.236534715
0,0,0,0,0,0,0,0,0,0,0,0,0,0,0,0,0,0.133881389,0.155083177,0,0.144538758,0,0,0,0,0,0,0,0.121090899,0,0,0,0,0,0,0.277201505,0,0,0.153582304,0,0.1526265,0,0,0,0,0,0,0,0,0,0,0,0,0.15756872,0,0,0.124686113,0,0,0,0.079151802,0,0,0,0,0,0.321150772,0,0,0,0,0,0,0,0,0,0,0,0,0.185245192,0,0,0.147229061,0,0,0,0,0,0,0,0,0,0,0.160251449,0,0.740858564,0,0.135742425,0,0
0,0.111524836,0,0.021428574,0,0.042918134,0.027946019,0.079255632,0.067449912,0.120246079,0.040887801,0.05364377,0.123074995,0,0.082493427,0.100381885,0,0,0,0.073332649,0,0.024597538,0,0.024738074,0,0.025448949,0.070179727,0,0.018533623,0.02307116,0.020241452,0.024058219,0,0,0.027217479,0.09899681,0.053608546,0,0.02350661,0.02801765,0.046720639,0.025254256,0,0.075935001,0,0.024128561,0,0.079255632,0,0,0,0,0,0.024116753,0,0,0.038167781,0,0,0,0.835908473,0.022648318,0,0,0,0.149477491,0,0,0,0,0.053674831,0,0,0,0.037323568,0.110686927,0,0,0,0,0,0,0,0,0,0,0.021445555,0.349736756,0.025023445,0.091523885,0,0.023973729,0.022285212,0,0,0,0.021929229,0.041552239,0.035868134,0.043235302
0,0,0.417368496,0,0,0,0,0,0,0,0,0,0,0,0,0,0,0,0,0,0,0,0,0,0,0,0,0,0,0,0,0,0,0,0,0.480768877,0,0,0,0,0,0,0,0.322674915,0,0,0,0,0,0,0.410381109,0,0,0,0,0,0.32437704,0,0,0,0.205917296,0,0,0,0,0,0.417744746,0,0,0,0,0,0,0,0,0,0,0,0,0,0,0,0,0,0,0,0,0,0,0,0,0,0,0,0,0,0,0,0,0
0,0,0,0,0,0,0.128869547,0,0,0.237642708,0,0,0,0,0,0,0,0.28347884,0.109457084,0,0.102014875,0,0.201874743,0,0.122263318,0,0,0,0.256396412,0,0.093340906,0,0,0,0.125509979,0.130431807,0,0,0.108397774,0,0.107723171,0,0,0,0,0,0,0,0,0.439301984,0,0.110046849,0,0.22242274,0,0.266971972,0.088002958,0,0,0,0.167595072,0,0.113888538,0,0.256195447,0,0,0,0,0,0,0,0,0,0,0.306251295,0,0,0,0,0.106269015,0,0,0,0,0,0,0,0,0,0,0,0,0,0.214343871,0,0,0,0.082700692,0.19937415
0,0.059645208,0,0.034380999,0,0.034429923,0,0,0,0,0,0.028689518,0,0,0,0,0,0,0,0,0,0,0.035119381,0,0.042539369,0,0,0,0.029736206,0.03701644,0,0.038600124,0,0.038550962,0.043668987,0.204216528,0,0,0,0,0,0,0,0,0,0,0,0,0,0,0,0,0,0,0.043653857,0.557329183,0,0,0,0,0.408182283,0,0,0,0,0,0.078864766,0,0,0,0,0,0,0,0.029941832,0,0.039883484,0,0.038859453,0,0,0,0,0.037805888,0,0.08044328,0.034408244,0,0,0,0,0,0.035755428,0,0.484751645,0.145545688,0.105552819,0.033334171,0,0.416212352
0,0,0,0,0,0,0,0,0,0,0,0,0,0,0,0,0,0,0,0,0,0,0,0,0,0,0,0,0.607561551,0,0,0,0,0,0,0,0,0,0,0,0,0,0,0,0,0,0,0,0,0,0,0,0,0,0,0,0,0,0,0,0.794272599,0,0,0,0,0,0,0,0,0,0,0,0,0,0,0,0,0,0,0,0,0,0,0,0,0,0,0,0,0,0,0,0,0,0,0,0,0,0,0
0,0.315049666,0,0,0.113861557,0,0,0,0,0,0,0,0.417213643,0,0,0.425357441,0,0,0,0,0,0,0.278254105,0,0,0,0,0,0.078534236,0,0,0,0.104298025,0,0,0.11985381,0,0,0,0,0.098986841,0,0,0.080441601,0,0,0,0,0,0,0,0.202244137,0,0,0,0,0,0,0,0,0.462009424,0,0.104652198,0,0,0,0,0,0.215435054,0,0,0,0,0,0.079077302,0,0,0,0,0,0,0,0,0,0,0.212453183,0,0,0,0,0,0,0,0,0.196960621,0,0,0,0.075993681,0
0.090504624,0.073525334,0,0,0,0,0,0,0.088935837,0.067950013,0,0,0,0.269965456,0.081578556,0.099268627,0,0,0.093892344,0.096692498,0,0,0,0.097854892,0,0,0,0,0,0.182522366,0.240203634,0.095165633,0,0.190088855,0,0,0,0,0,0,0,0,0,0,0,0,0,0,0,0.094208368,0,0,0,0,0,0,0.075488984,0,0,0,0.62297361,0,0,0,0,0,0.097217504,0,0.100555156,0,0.212318259,0,0,0,0.073819282,0,0,0,0,0,0.091157617,0,0.08913721,0,0.271361312,0,0.084830876,0,0.098983717,0,0.097230028,0,0,0.097021382,0,0,0,0,0.070940697,0.342046501
0,0.097791794,0,0,0,0,0,0,0,0,0.10755877,0,0,0.11968848,0,0,0,0,0,0,0,0,0,0,0,0,0,0,0.097508484,0,0,0.126574304,0,0.126413095,0,0.148811065,0,0,0,0,0,0,0,0,0,0,0,0,0,0,0.127024133,0,0,0,0,0.304591222,0,0,0,0,0.573633115,0,0.12993667,0,0,0,0,0,0.133742597,0,0,0.144521996,0,0,0,0,0,0,0,0,0.121243474,0.127829849,0,0,0,0,0.112828642,0,0,0,0.38796011,0.126129787,0,0,0.24454725,0,0,0.109306629,0.094354118,0.3412022
0,0,0,0,0,0,0,0,0,0,0.260609007,0,0,0,0,0,0,0,0.30257928,0,0,0,0,0,0.675960759,0,0.298205801,0,0.236257714,0,0,0,0,0,0,0.360561059,0,0,0,0,0,0,0,0,0,0,0,0,0,0,0,0,0,0,0,0,0,0,0,0,0,0,0,0,0,0,0,0,0,0,0,0,0,0,0.237891444,0,0,0,0,0,0,0,0,0,0,0,0,0,0,0,0,0,0,0,0,0,0,0,0.22861486,0
0,0,0,0,0,0,0,0,0,0,0,0.492185355,0,0,0,0,0,0,0,0,0,0,0,0,0,0,0,0,0,0,0,0,0,0,0,0,0,0,0,0,0,0,0.384083445,0,0,0,0,0,0.702794238,0,0,0,0,0,0,0,0,0,0,0,0.166728672,0,0,0,0,0,0,0,0,0,0,0,0,0,0,0,0,0,0,0,0,0,0,0,0,0,0,0,0,0,0,0,0,0,0,0,0,0,0,0.297515197
0,0.18266862,0,0,0,0,0,0,0.220954952,0,0.200912687,0,0,0,0.202676296,0,0,0,0,0,0,0,0,0,0,0,0,0,0,0,0.39784624,0.23643245,0,0,0,0,0,0,0,0,0,0.496373023,0,0,0,0,0.233271917,0,0,0,0,0,0,0,0,0,0,0,0,0,0.357169607,0,0,0,0,0,0,0,0,0.240533394,0,0,0,0,0,0,0,0,0,0,0,0,0,0,0,0,0.21075646,0,0.245918217,0,0,0,0,0,0,0,0,0,0.176247269,0
0,0,0,0,0,0.091780821,0.239051262,0,0,0,0.087438934,0.152956921,0,0,0,0,0,0.087641568,0.101520704,0,0,0,0,0,0.226796798,0,0.100053324,0,0.475611868,0,0,0,0,0,0,0.060487308,0,0,0,0,0,0,0,0,0,0,0,0,0,0,0,0,0,0,0,0,0,0,0,0.226823,0.259072156,0,0,0,0,0,0,0,0,0,0,0,0,0,0,0,0,0,0.103588742,0,0,0,0,0.403120902,0,0,0,0.534225169,0,0,0,0,0,0.104903963,0,0,0,0,0.076704332,0
0.046671354,0.189577432,0,0.131132643,0,0.043773082,0.057005431,0,0.045862362,0.210242456,0,0.510648854,0,0.092810383,0,0,0.048492194,0.208994728,0.242091651,0,0,0,0,0.050461734,0.054083167,0.15573542,0.047718492,0.053338412,0.189028212,0.047061495,0.123868021,0,0,0.049012436,0,0.057696497,0.054676451,0.282387084,0.047949745,0.057151547,0.095302668,0,0,0,0,0.049218425,0.1936757,0,0,0,0.09849869,0.097358425,0,0,0,0,0,0,0.060688186,0.054089415,0.148271327,0,0.201514334,0,0,0,0.050133046,0,0,0,0,0.056033554,0.060697845,0,0.03806707,0.225783717,0,0,0,0,0,0.148685203,0.229831032,0,0.046645129,0.102272964,0,0,0,0,0.050139505,0.048902592,0.045458286,0,0.09481499,0.092521021,0.134196413,0,0,0.088193136
0.088285917,0.071722871,0.094748817,0,0,0.165606796,0.431337543,0,0.086755588,0,0,0.206993456,0,0,0.07957867,0.193670143,0,0,0,0,0,0,0,0,0.204612962,0.196398051,0,0,0.214545254,0.089023929,0.078105026,0.092832661,0.094976185,0,0,0.05457082,0,0,0,0,0,0,0,0,0,0,0,0,0,0,0,0,0.102891349,0,0,0,0.220915147,0,0,0.102318301,0.420716426,0,0,0,0.107188546,0,0.094834231,0,0,0,0,0,0,0,0.072009614,0,0,0,0,0.437615897,0,0,0,0,0,0.096732382,0.08275126,0,0,0.088290054,0,0,0,0,0,0.087508745,0.084617597,0.080168131,0,0
0,0.199675419,0,0,0,0,0,0.567600974,0,0,0,0,0,0,0,0,0,0,0,0,0,0,0.235139666,0,0,0,0.25130127,0,0,0,0,0,0,0.258115603,0,0,0,0,0,0,0.250947595,0,0,0,0,0,0,0.567600974,0,0,0,0,0,0,0,0,0,0,0,0,0.260281855,0,0,0,0,0,0,0,0,0,0,0,0,0,0,0,0,0,0,0,0,0,0,0,0,0,0,0,0,0,0,0,0,0,0,0,0,0,0,0
0.171705015,0,0,0,0,0,0,0,0.168728718,0.257828991,0,0,0,0,0,0,0,0,0,0,0,0,0,0.185649915,0,0,0,0.19623328,0,0,0,0,0,0,0,0.318400166,0,0,0,0,0,0,0,0,0,0,0,0,0,0,0,0,0,0,0,0,0,0,0,0,0.545493724,0.169967082,0,0,0,0.186962032,0,0,0.190772845,0,0,0,0,0,0.2800993,0,0,0,0,0,0,0,0,0,0,0.188132328,0,0,0.187791516,0,0,0,0.33448422,0,0,0,0,0.155916941,0.13458841,0
0,0,0,0,0,0,0,0,0,0,0,0,0,0,0,0,0,0,0,0,0,0,0,0,0,0,0,0,0,0,0,0,0,0,0,0,0,0,0,0,0,0,0,0,0,0,0,0,0,0,0,0,0,0,0,0,0,0,0,0,0.46792272,0,0,0,0,0,0,0,0,0,0,0,0,0,0,0,0,0,0,0,0,0,0,0,0,0,0,0,0,0.883769386,0,0,0,0,0,0,0,0,0,0
0,0,0,0,0,0,0,0,0,0,0,0,0,0,0,0,0,0,0,0,0,0,0,0,0,0,0,0,0,0,0.65153798,0,0,0,0,0.151739967,0.287594686,0,0,0,0,0.54192775,0,0.203684902,0,0,0,0,0,0,0,0,0,0,0,0,0,0,0,0,0,0,0,0,0,0,0,0,0.272749843,0,0,0,0,0,0,0,0,0,0,0,0,0,0,0,0.245350439,0,0,0,0,0,0,0,0,0,0,0,0,0,0,0
0,0,0,0,0,0,0,0,0,0.087636856,0,0,0.062789024,0.232120866,0,0.064014633,0,0.052270054,0.060547669,0,0.05643091,0,0,0.063102969,0,0,0,0,0.094552766,0,0.103265574,0,0,0,0,0,0,0,0,0,0,0,0,0.096849173,0,0,0,0,0,0.060751461,0.061586862,0.304369526,0,0,0.069403489,0,0,0,0,0,0.679854889,0.057772326,0,0,0,0,0.438843585,0,0,0,0,0,0,0,0,0,0,0,0.061781062,0,0.176352437,0.185932526,0,0,0.116660523,0,0,0,0,0,0,0.183459733,0,0,0,0,0.055938043,0.052996641,0.045747009,0
0,0.098906367,0,0,0,0,0,0,0,0,0,0.0951485,0,0.121052619,0,0,0,0,0,0,0.117716423,0,0,0,0,0.135417179,0,0,0.098619828,0,0,0,0,0,0,0,0,0,0,0,0,0,0,0,0,0.128391221,0,0,0,0.12672921,0.25694376,0,0,0,0,0,0,0,0,0,0.19339035,0.120514653,0,0,0,0,0,0,0,0,0,0.584676691,0,0,0,0,0,0,0,0,0,0.646433893,0.119907482,0,0,0,0,0,0,0,0,0,0,0,0,0,0,0,0,0
0,0,0,0,0,0.098926677,0,0,0,0,0.188493482,0.247298725,0,0,0,0,0,0.094465151,0,0,0.101984867,0.113395081,0,0,0.122227354,0,0,0,0,0,0.186626898,0,0.226939439,0,0,0.130393439,0.123568171,0,0,0,0,0.116422563,0,0,0.119317391,0,0,0,0.117706414,0.10979319,0.111302971,0,0,0,0,0,0,0,0,0,0.726031684,0.104409143,0,0,0,0.114848978,0,0.116553759,0,0,0,0,0,0,0,0,0,0,0,0,0,0,0,0,0.105417473,0,0,0.115163757,0.115358522,0,0,0,0,0.113071559,0,0,0,0.095778277,0.165352731,0.099657752
0,0,0,0.256188285,0,0,0,0,0.268798059,0,0.122208034,0.213778503,0,0,0,0,0,0,0,0,0,0,0,0,0,0,0,0.15630749,0,0,0.120997851,0,0,0,0,0,0,0,0,0,0,0,0,0,0,0,0.283782002,0,0.305255527,0.569467323,0,0,0,0,0,0,0,0,0,0,0.362089257,0,0,0,0,0.297845158,0,0,0,0,0,0,0,0,0,0,0,0.153684416,0.144779629,0,0,0,0,0,0,0,0,0,0,0,0,0,0,0,0,0,0,0,0,0
0.060854065,0.098874846,0,0,0,0.085612579,0,0,0.119598467,0.15991029,0.027187498,0.142677265,0,0,0.082278449,0.03337343,0.158070575,0.054501006,0.094697881,0,0.029419727,0,0,0.065796284,0,0,0,0.17386785,0.0246471,0.030681382,0,0,0,0,0,0.07522958,0,0,0.03126047,0,0.031065923,0,0.593813961,0.025245705,0.034419666,0,0.063132696,0,0.135819779,0.063344411,0,0,0.035460677,0.032071873,0,0,0,0,0,0,0.193328717,0,0,0,0,0,0,0.33622437,0,0.097646913,0,0.036530647,0,0.071741822,0.074452605,0.088318781,0,0.102570052,0,0,0,0.032311394,0.029967317,0.031335723,0,0.033338039,0.057039114,0.033221461,0.06655529,0.15214229,0.032688067,0.031881671,0,0.065235843,0,0.030159186,0,0,0.023849775,0.459974726
0,0,0.1626901,0.006760808,0,0.115097295,0,0,0,0.010839475,0.032250698,0.005641614,0.031064557,0.064597863,0,0.023753191,0.007500339,0.006465087,0,0,0.020939184,0.155212604,0.048342047,0.109269581,0,0.008029254,0.036903349,0.090748997,0.005847439,0.087348618,0.108566525,0,0.310629534,0,0,0.147245644,0.008456865,0,0.059331503,0,0,0.111549586,0,0.161715309,0.008165946,0.060901328,0.179736158,0,0,0.007514121,0.007617449,0,0.008412923,0.060871525,0,0.009132942,0.10837891,0,0,0,0.523643312,0.014291286,0,0,0,0.015720266,0,0.343002681,0.120305173,0.00772213,0,0.008666769,0,0,0.011775748,0.013968883,0,0,0.015282937,0,0.021812373,0,0.007109642,0,0,0,0,0.007881676,0,0.03609523,0.038775652,0.007563816,0.084372977,0.007738489,0.212644461,0,0.006918767,0.013109912,0.028291381,0.456971021
0,0,0,0,0,0,0,0,0,0,0,0,0,0,0.338342547,0,0,0,0,0,0,0,0,0,0,0,0,0.428983956,0,0,0,0,0,0.394191501,0,0,0,0,0,0,0,0,0,0,0,0,0,0,0,0,0,0,0,0,0,0.474900447,0,0,0,0,0.397499778,0,0,0,0,0,0.403204216,0,0,0,0,0,0,0,0,0,0,0,0,0,0,0,0,0,0,0,0,0,0,0,0,0,0,0,0,0,0,0,0,0
0,0.075134401,0,0.086618719,0,0.086741979,0,0.213578415,0,0.069437067,0,0.072279731,0,0.183915683,0,0.101441075,0.384374015,0.082829974,0,0,0,0,0,0,0,0.102869906,0.094560315,0.105696907,0.074916731,0,0,0,0,0,0.11001867,0.285832529,0,0,0,0,0.188854466,0,0,0.076736238,0,0.097532624,0,0.213578415,0,0.096270074,0.195187793,0,0,0,0,0,0,0,0,0,0.391758214,0.091549175,0,0,0,0,0,0,0.102755759,0.09893507,0,0,0,0,0.075434783,0,0,0,0,0,0,0.098212936,0.091087936,0,0.092433309,0,0,0,0,0,0,0,0,0,0.093944035,0,0.177284941,0,0.072493201,0.436915037
0.114766373,0,0,0.107486474,0,0.107639429,0,0,0.112777037,0.172331007,0.307641952,0.269079021,0,0,0,0,0,0,0,0,0,0.123382106,0,0.124087041,0,0,0,0,0,0,0,0,0,0,0,0.283755114,0,0,0,0,0,0.126676226,0,0,0,0,0,0,0.128073149,0.238925972,0,0,0,0,0,0,0,0,0,0,0.607673339,0,0,0.14804755,0,0,0,0,0,0,0,0,0,0,0,0,0,0,0.24297523,0,0.115594414,0,0,0.236387642,0,0,0,0,0,0,0,0,0,0.12303009,0,0,0,0.10421374,0.089957906,0
0,0,0,0,0,0,0.391447096,0,0,0,0,0,0,0,0,0,0,0,0,0,0,0,0,0,0.371380378,0,0,0,0,0,0,0,0,0,0,0,0,0,0,0,0,0,0,0,0,0,0.664969887,0,0,0,0,0,0,0,0,0,0,0,0,0,0,0,0,0,0,0,0,0,0,0,0,0,0,0,0,0,0,0,0,0.397144823,0,0,0,0.33005579,0,0,0,0,0,0,0,0,0,0,0,0,0,0,0,0
0,0,0,0,0,0,0.235407701,0,0,0.28940338,0.086106212,0,0,0,0,0,0,0,0,0,0,0.103600621,0,0,0,0.107186621,0,0,0,0,0,0,0,0,0,0.238261503,0,0,0,0,0.196779339,0,0,0.079956309,0,0,0,0,0,0,0,0.201024031,0,0,0,0.121920306,0.080378083,0,0,0,0.459222196,0,0.208041696,0,0.116998901,0,0.103513866,0,0.107067684,0,0.339103808,0,0,0,0,0.372955522,0,0.108284067,0,0.238834189,0,0,0,0.198488316,0,0,0,0,0,0,0,0,0,0,0.097886195,0,0,0,0.075535223,0
0,0,0.385180733,0,0,0,0,0,0,0,0.080173685,0,0,0,0,0,0,0,0,0.095861497,0,0,0,0,0,0,0,0,0,0,0,0,0,0,0.106737246,0.277307269,0,0,0,0,0,0,0,0,0,0,0,0,0,0,0,0,0,0,0,0,0,0.492989595,0,0,0.095018402,0,0,0.46298696,0,0.097699567,0,0,0,0,0,0,0,0,0.3659243,0,0,0,0,0,0,0,0,0,0,0,0,0,0,0,0,0,0,0,0.364568214,0,0,0,0.070331014,0
0,0.072279718,0,0.041663848,0.052244976,0.041723136,0,0.05136591,0,0.06679885,0.039749335,0.034766754,0.287155528,0,0.040098254,0,0,0.039841451,0,0.0475272,0.086025906,0,0.04255864,0,0,0.09896143,0,0,0.036035159,0,0.039355711,0,0,0,0,0.192480753,0,0,0.091408402,0,0.045419765,0.049102169,0.162784218,0.11073104,0.050323087,0.046913467,0.046151409,0.05136591,0,0,0.093885879,0.092799014,0,0.187562036,0.105801909,0.056282247,0.03710505,0,0,0,0.70663802,0.044035411,0,0,0,0,0,0.049157503,0,0.047588047,0.052180327,0,0,0.052444872,0.10885303,0,0.144995738,0.04998733,0,0,0,0,0,0,0,0,0.08339373,0.145713774,0.097306803,0.044487763,0,0,0,0,0.090374691,0,0.298460947,0.040395273,0.034869434,0.126094419
0.059084862,0.228000644,0,0.013834243,0.017347646,0.069269646,0,0.051167272,0.101606222,0.066540531,0.145183938,0.080808716,0.031782785,0.088121861,0.039943189,0,0.030695002,0.264582529,0.061296495,0.015781135,0.099975439,0.015880119,0,0.031941699,0.017117012,0.016429789,0.045307887,0.016881301,0.095722151,0.04468408,0.026135679,0.186383239,0,0.015512155,0.087857742,0.319560678,0,0,0.121406552,0.018088137,0.075406869,0.016304095,0,0.01225587,0.033418988,0.077886745,0,0.051167272,0.065935555,0.030751404,0.015587135,0.092440149,0.0516446,0.093418355,0.05269638,0.018688199,0.418897688,0.040579043,0,0,0.492733755,0,0.079722663,0.038109461,0,0.016083726,0.031733643,0.048967405,0.016411558,0.01580134,0.121283259,0,0,0.034828041,0.084336064,0,0.032096672,0,0.031272571,0.036609003,0,0.094116027,0.087288243,0.015212352,0.088577495,0,0.179987678,0.064511236,0.080775421,0.059087631,0.015868866,0.04643217,0.071936433,0.047504438,0,0.131770675,0.02831493,0.040239059,0.13893836,0.013956311
0,0.081122447,0,0,0.293183236,0,0,0,0.098125263,0.074971048,0,0,0,0,0,0,0,0,0.414375633,0,0.048275174,0,0,0,0,0,0,0,0.323549716,0,0,0.104998761,0,0,0,0.06172255,0,0,0.051295671,0,0.050976437,0.275546739,0,0,0,0,0,0,0,0,0,0.260380203,0.290939203,0.052627112,0,0,0,0,0,0,0.105745119,0,0.053893994,0,0,0,0,0,0.110945166,0,0,0,0,0,0.040723384,0.096615548,0,0,0,0,0.402306446,0,0,0,0,0,0.093596151,0,0.382239742,0,0,0,0,0,0,0,0,0.045337246,0.078270749,0
0,0,0,0,0,0,0,0,0,0,0,0,0,0,0,0,0,0,0,0,0,0,0,0,0,0,0,0,0,0,0,0,0,0,0,0,0,0,0,0,0,0,0,0,0,0,0,0,0,0,0,0,0,0,0,0,0,0,0,0,0,0,0,0,0,0,0,0,0,0,0,0,0,0,0,0,0,0,0,0,0,0,0,0,0,0,0,0,0,0,0,0,0,0,0,0,0,0,0,0
0.084092142,0.058556467,0,0.022502281,0.014108528,0.067602905,0.088038871,0,0.023609859,0.08117432,0.042936537,0.103274712,0.012924183,0.131391187,0.108283585,0.052705825,0,0.064554059,0.137091167,0.012834513,0.04646184,0,0.06895665,0.051955215,0.097446699,0.013362051,0.012282696,0.013729258,0.389245494,0.048454341,0.031883514,0.088422907,0.025847031,0,0.028581247,0.207914348,0,0,0.01234222,0,0.012265409,0.039779479,0,0.079739823,0,0.012668777,0.074777919,0,0.026812099,0.025009562,0.139444094,0.037589953,0,0.012662577,0,0,0.050100284,0,0,0,0.445257194,0.011891571,0.025934802,0,0.014585265,0.013080605,0.064520998,0.026549538,0.040041672,0.064254722,0.014091069,0.144229849,0,0.056650034,0.048992142,0,0,0.053995441,0.050866835,0,0.07259903,0.14032859,0.425939723,0.049487725,0.048025653,0.052649932,0.101340506,0.013116456,0.026277277,0.084096083,0.06452931,0.012587482,0.023401841,0.154538008,0.012202645,0.321500138,0.080598076,0.130902804,0.075330708,0
0.123084008,0.099992601,0.066047137,0,0.072276307,0,0,0.071060196,0,0.046205152,0.054989691,0,0.066209048,0,0.05547239,0,0,0,0,0,0,0,0.117752235,0.066540094,0,0,0.062922787,0.070333352,0.149554372,0.124112909,0,0.064711431,0,0.193887038,0,0.076080031,0,0,0.063227722,0,0,0,0,0.051062202,0,0.064900635,0,0.071060196,0,0,0.129882815,0.064189616,0,0,0,0,0.256657787,0,0,0,0.521371328,0,0,0,0,0.067010379,0.26442671,0.340025298,0,0,0,0,0,0,0.100392363,0,0,0,0,0,0.309930153,0,0.060612179,0,0,0,0.057683927,0,0.06730768,0.061544887,0,0.128968342,0,0,0,0.305001279,0.058984906,0.055883289,0.04823878,0.174440482
0,0,0,0.494030449,0,0,0,0,0,0,0,0.412247929,0,0,0,0,0,0,0,0,0,0,0,0,0,0,0.539325392,0,0,0,0,0,0,0,0,0,0,0,0,0,0,0,0,0,0,0,0,0,0,0,0,0,0,0,0,0,0,0,0,0,0,0,0,0,0,0,0,0,0,0,0,0,0,0,0,0,0,0,0,0,0,0,0,0.543243667,0,0,0,0,0,0,0,0,0,0,0,0,0,0,0,0
0,0,0,0,0,0,0,0,0,0,0,0,0,0,0,0,0,0.860813661,0,0,0,0,0,0,0,0,0,0,0,0,0,0,0,0,0,0,0,0,0,0,0,0,0,0,0,0,0,0,0,0,0,0,0,0,0,0,0,0,0,0,0.508920269,0,0,0,0,0,0,0,0,0,0,0,0,0,0,0,0,0,0,0,0,0,0,0,0,0,0,0,0,0,0,0,0,0,0,0,0,0,0,0
0,0,0,0,0,0,0,0,0,0,0,0,0,0,0,0,0,0,0,0,0,0,0,0,0,0,0,0,0,0,0,0,0,0,0,0,0,0,0,0,0,0,0,0,0,0,0,0,0,0,0,0,0,0,0,0,0,0,0,0,0,0,0,0,0,0,0,0,0,0,0,0,0,0,0,0,0,0,0,0,0,0,0,0,0,0,0,0,0,0,0,0,0,0,0,0,0,0,0,0
0,0,0,0,0,0,0,0,0,0,0,0,0,0,0,0,0,0,0,0,0,0,0,0,0,0,0,0,0,0,0,0,0,0,0,0,0,0,0,0,0,0,0,0,0,0,0,0,0,0,0,0,0,0,0,0,0,0,0,0,0,0,0,0,0,0,0,0,0,0,0,0,0,0,0,0,0,0,0,0,0,0,0,0,0,0,0,0,0,0,0,0,0,0,0,0,0,0,0,0
0,0,0,0,0,0.076464099,0.39831501,0,0,0.122419222,0,0,0,0,0,0,0.084707581,0,0,0,0.157655774,0,0,0,0,0.090681061,0,0,0,0,0,0,0,0,0,0.554322594,0,0,0.167520029,0,0.166477486,0,0,0,0,0,0,0,0,0,0,0,0,0.171868216,0.096949178,0,0,0.223968222,0,0,0.302172134,0,0,0.21033784,0,0,0,0.090088724,0,0,0,0,0,0,0.132993339,0.157762237,0.354302812,0,0,0,0,0,0,0,0,0,0,0,0,0,0,0,0,0,0,0,0,0,0.12780726,0
0.103527105,0,0.055552862,0,0,0.048549058,0,0,0.050866294,0.116590752,0,0.121363826,0,0,0.093316688,0,0,0.092719056,0,0.110605336,0,0.111299085,0.04952125,0.055967492,0,0,0,0,0,0,0.045794321,0.054429387,0.278430859,0,0,0.25596649,0.060642067,0.062639532,0,0.063387214,0,0,0,0.085897787,0.17566789,0,0,0,0.057765363,0.053881886,0.054622822,0,0.060326969,0,0,0,0.172701804,0,0.067309728,0.059990981,0.602979133,0.051239621,0,0.333872499,0,0,0,0,0.172535674,0,0.182151146,0,0.067320441,0,0.126661427,0.15025106,0,0,0.054795062,0.064145433,0,0,0,0.053309449,0,0,0.048518488,0,0,0.103531956,0,0,0,0,0.052580013,0,0,0.047003955,0.081148174,0.195631352
0,0.166993789,0.094545239,0.013751346,0.017243696,0.013770914,0,0.135628451,0,0,0.052477808,0.011474928,0.031592337,0.131390731,0,0.032209003,0,0.013149855,0.228484487,0,0.028393249,0,0.323073556,0,0,0.016331339,0,0.016780146,0.178403566,0.014805442,0.27278023,0,0.047386059,0.015419203,0,0.24504106,0,0,0,0,0.014991004,0.016206398,0,0.134006739,0,0.15484007,0,0.135628451,0.016385115,0.045850704,0.015493735,0.015314372,0,0,0.03492041,0.352948109,0.440880973,0,0,0,0.34206942,0.029068183,0,0,0,0,0,0,0.032626435,0,0,0.052884095,0,0,0.035927446,0,0.047856515,0,0.093255542,0,0.01478864,0.077960057,0.216912996,0,0.014674454,0.096524541,0,0,0,0,0,0,0.057204303,0,0,0,0.084435786,0.03999794,0.046035273,0
0,0.117428199,0,0,0,0,0,0,0,0.217047573,0,0,0.155507692,0,0,0.158543123,0,0,0,0,0,0,0,0,0,0.160776256,0,0,0,0,0.127877375,0,0,0,0,0.357384083,0,0,0,0,0,0.159546259,0,0,0,0,0,0,0,0,0,0,0,0,0.515668624,0,0,0,0,0,0.306141131,0,0,0.186463028,0,0,0,0,0,0,0,0,0,0,0.117897667,0,0.471130459,0,0,0,0,0,0,0,0.14446481,0,0.135484417,0.157821184,0,0,0,0,0,0,0,0,0,0,0,0
0,0,0,0.17059613,0,0,0,0,0,0,0,0,0,0,0,0,0,0,0,0,0,0,0,0,0,0,0,0,0,0,0,0,0,0,0,0,0,0,0,0,0,0,0,0.151132518,0.412104221,0,0,0,0.203270074,0,0,0.189986682,0,0,0,0,0,0,0,0,0.096446293,0,0,0,0,0,0.195660748,0,0,0,0,0,0,0,0,0,0,0,0,0,0,0,0,0.562770579,0,0,0,0.397758199,0,0,0,0.381716993,0,0,0,0.1805469,0,0,0,0
0,0,0,0,0,0,0,0,0,0,0,0,0,0,0,0,0,0,0,0,0,0,0,0,0,0,0,0,0,0,0,0,0,0,0,0,0,0,0,0,0,0,0,0,0,0,0,0,0,1,0,0,0,0,0,0,0,0,0,0,0,0,0,0,0,0,0,0,0,0,0,0,0,0,0,0,0,0,0,0,0,0,0,0,0,0,0,0,0,0,0,0,0,0,0,0,0,0,0,0
0.164015015,0,0,0,0,0,0,0,0,0.123140917,0,0,0,0,0,0,0,0.048964044,0,0,0,0.05877598,0,0.177335377,0,0,0,0,0,0,0,0,0,0,0,0,0,0,0,0,0,0,0,0.136085393,0.55661117,0,0,0,0,0,0.057691578,0,0.573445689,0,0,0,0,0,0,0,0.434219317,0,0,0,0,0,0,0,0,0,0,0,0,0,0.267554742,0,0,0,0,0,0,0,0,0,0,0,0,0,0,0,0,0,0,0,0,0,0,0,0,0
0,0,0,0.07170908,0,0,0,0,0,0.114969795,0.13682789,0.299191271,0,0,0,0,0,0.274289958,0.158863598,0,0.07403107,0,0.146498275,0,0,0,0.078283692,0,0.062021349,0.077205868,0,0,0,0,0.091081207,0.141979386,0,0.092652985,0.078663069,0.093758916,0,0,0,0.063527665,0,0.080744379,0,0,0,0,0.080795105,0.079859784,0,0.080704865,0,0,0.191588329,0,0.099560885,0.088735392,0.567568847,0,0.082647656,0,0,0,0,0.253819996,0,0,0,0,0.099576731,0.090264669,0,0.148162125,0,0,0,0,0.077118252,0,0,0.157704868,0.076522807,0.083891012,0,0,0,0,0.246766319,0,0,0.082078928,0.155546984,0,0.073384483,0.069525691,0.120029961,0
0,0,0,0,0,0,0.540064843,0,0,0,0,0,0,0,0,0,0,0,0,0,0,0,0,0,0,0,0,0,0,0,0,0,0,0,0,0,0,0,0,0,0,0,0,0,0,0,0,0,0.493427673,0,0,0,0,0,0,0,0,0,0,0,0,0,0,0,0,0.481449245,0,0,0,0,0,0,0,0,0,0,0,0,0,0,0,0,0,0,0,0,0,0.482768807,0,0,0,0,0,0,0,0,0,0,0,0
0,0,0,0,0,0,0,0,0,0.056914433,0,0,0,0,0,0,0.078763512,0,0,0,0,0,0.072522233,0,0,0,0,0.086634989,0,0.152879398,0.201192805,0,0.081550557,0,0,0.140570422,0.177616604,0,0,0,0,0,0.647250668,0,0,0.079943094,0,0,0,0,0,0,0,0,0,0,0.12645804,0,0,0,0.120414954,0,0,0,0,0.082541828,0,0.251301158,0,0,0,0,0,0.089368908,0,0,0,0,0,0.093938865,0,0,0,0,0.151526832,0,0,0,0,0.075809563,0,0,0.073835684,0,0,0.150277396,0.072656236,0,0,0.501367378
0,0.316725147,0,0,0,0.091414071,0,0,0.191554492,0.292708332,0,0,0.209716223,0.09691087,0,0.106904889,0,0,0.101115034,0,0,0,0,0,0,0,0,0,0.078951893,0,0.172454235,0,0,0,0,0.180736815,0,0.235890659,0,0.238706315,0,0,0,0,0,0.102785921,0,0,0,0,0,0,0,0,0,0,0,0,0.253477886,0.225916631,0.309644306,0,0,0,0,0,0,0,0,0,0,0,0.25351823,0,0,0.188607315,0.105893691,0,0,0,0,0.103502876,0.09599411,0,0,0,0.182713021,0,0.213196124,0,0,0,0.284800163,0,0,0,0,0,0,0
0.199573243,0.081065964,0.107091422,0,0,0,0,0.115219792,0,0.224756545,0,0.155971857,0,0,0,0,0,0,0,0,0,0,0.095464048,0.215781441,0,0.110991077,0,0.114041258,0.08083111,0,0.176559001,0,0,0,0,0.123359149,0,0,0.102519911,0,0,0.22028391,0,0.248382777,0,0,0,0.115219792,0,0,0,0.104079564,0,0.10518094,0,0.126247716,0.083231003,0,0,0,0.686864703,0.098776619,0.107712939,0,0,0,0,0,0.110867919,0.106745601,0,0,0,0,0.08139006,0,0,0,0,0,0,0,0.098278967,0,0,0,0,0,0,0,0,0,0,0,0,0,0,0.090611359,0,0
0,0,0,0.258902059,0,0.06481762,0,0,0,0.311319537,0,0.054010759,0,0,0,0.075801464,0,0,0,0,0.066821372,0.222892332,0.264462361,0.074721938,0,0,0,0,0,0.069686985,0,0,0,0.072575868,0,0.299022207,0,0,0,0,0.070560398,0,0.084296041,0.057340867,0,0,0.143394037,0,0,0,0.218780025,0.288329773,0,0,0.082182555,0,0.057643343,0,0,0,0.219554898,0.068409779,0.372994056,0,0,0,0.074235228,0,0.076783858,0,0,0,0,0,0,0.267465985,0,0.077656189,0.292626527,0,0,0,0.06806512,0,0,0.07572108,0,0,0,0,0,0.072413216,0,0.07408547,0.070199329,0,0.066237755,0.062754761,0.108340549,0.065296626
0.040987147,0.088793803,0,0.255914912,0.032090815,0.089697679,0,0,0.040276685,0.071803109,0.024415526,0.106775193,0.029396941,0.081506803,0.14777907,0,0,0.073416321,0.014173785,0.058385961,0.079260485,0,0.052282212,0.014771963,0,0,0,0,0.143871911,0.068882954,0.132955611,0.014365998,0,0.014347701,0,0.472915462,0,0,0.08421968,0,0.069746289,0.015080193,0,0.102022709,0,0,0.014173959,0,0.106725429,0.09955044,0.115336425,0.128251393,0.015922596,0.086405704,0.032493741,0,0.056978269,0.075065778,0,0,0.426809399,0,0.088485731,0.070497383,0.049762781,0.074381834,0.146757442,0,0,0,0.224357736,0.03280607,0,0,0.066861595,0,0,0,0.014462514,0.084652172,0.12384861,0.058034003,0.174927485,0,0.12289235,0,0.012805886,0,0,0,0.117421078,0.085893277,0.026614548,0.014646138,0.05551151,0.189589593,0.052378817,0.161279851,0.021418108,0.21944705
0,0.053530801,0,0,0,0,0,0,0,0.173150729,0,0,0.035444856,0.032758476,0,0,0,0.029506822,0.068359191,0.070397869,0.095566967,0.070839425,0.031519189,0.035622081,0,0,0.303170076,0,0.106751436,0,0,0,0,0,0,0.285104844,0,0.039868687,0.135395242,0.040344571,0.100914467,0.1090961,0.040186329,0.136680141,0.111808757,0,0,0,0,0,0.069532456,0,0,0.034727397,0,0,0,0,0.042841165,0.038182943,0.732676611,0.065225789,0,0,0,0,0.070780105,0.036406347,0.146420227,0,0,0,0.042847983,0,0.080617219,0.159385838,0.07158982,0,0.06975171,0,0,0.03498675,0.032448586,0,0,0.108295201,0.030880953,0,0,0,0.035394612,0.069042895,0.128360133,0.070637317,0,0,0,0.029916986,0.103298064,0.031128766
0,0.057600418,0,0.033202331,0,0.066499156,0.259804396,0,0.069673147,0.026616331,0,0.554119371,0,0,0,0.155535899,0,0,0,0,0,0,0.033915399,0.038330209,0.164324044,0,0.03624647,0,0.086150319,0.071494845,0.344992491,0.074553627,0,0,0,0.153389806,0,0,0,0,0,0,0,0,0,0.037385804,0.073557024,0,0.039561508,0.036901848,0,0,0,0,0,0,0,0,0,0.041085757,0.319105182,0,0,0,0,0,0,0,0.039387914,0.075846766,0,0,0,0,0.086746051,0,0,0,0,0.087861997,0,0,0,0.328588255,0,0,0.066457284,0,0.038772374,0,0.038085446,0,0.034529641,0.038003719,0,0,0.373758732,0.03219139,0.027787795,0
0,0,0,0,0.159848418,0,0,0,0,0,0,0,0,0.135331905,0,0,0,0,0,0,0,0,0,0,0,0,0,0,0,0.13724589,0,0,0.146422329,0,0,0.084130423,0,0,0,0,0,0,0,0,0,0,0,0,0,0,0,0,0,0,0,0,0,0,0,0,0.144135031,0,0,0,0,0,0,0,0,0,0,0,0,0,0,0,0,0,0,0,0,0,0,0,0,0,0,0,0,0.680572468,0,0,0,0,0,0,0,0,0.106686313,0.642996218
0,0,0,0,0,0,0,0,0,0,0,0,0,0,0,0,0,1,0,0,0,0,0,0,0,0,0,0,0,0,0,0,0,0,0,0,0,0,0,0,0,0,0,0,0,0,0,0,0,0,0,0,0,0,0,0,0,0,0,0,0,0,0,0,0,0,0,0,0,0,0,0,0,0,0,0,0,0,0,0,0,0,0,0,0,0,0,0,0,0,0,0,0,0,0,0,0,0,0,0
0.008155688,0.072881873,0.087527187,0.053468476,0.009578223,0.084141455,0.019923078,0,0.120214787,0.048985705,0.065586245,0.012747779,0.096515931,0,0.029405316,0.062618101,0.042369374,0.007304248,0.050765804,0,0.063085512,0.035071805,0.023407196,0.044090232,0.009450882,0.018142885,0,0.018641475,0.171767177,0.065790914,0.043291178,0.188665572,0.061416057,0,0.009701846,0.378086282,0.028663669,0.04934635,0.016758167,0.029961217,0.033307748,0.027006128,0,0.067668806,0.036903508,0.017201563,0,0,0.009101313,0,0.043030924,0,0.019009821,0.017193145,0.096984849,0.061910323,0.027210305,0.067215188,0.02121018,0.02835592,0.669341622,0.072658253,0,0.063124569,0.019803755,0.026641109,0.017521218,0,0.08155239,0.043622272,0.047831851,0,0.021213556,0,0.106433817,0.007891014,0.168355757,0.018328644,0.025899967,0.020213069,0.008214531,0,0.032129862,0,0.130417687,0.089359567,0.191110169,0.213713019,0.044598844,0,0.035046951,0.017091182,0.087380787,0.052457615,0.165686534,0.024251683,0.062534524,0.044434693,0.089497999,0
0.095882227,0.077894061,0.308703626,0.359200775,0.225212466,0.269783941,0,0,0.094220225,0.071987466,0,0,0.206306931,0,0,0,0.199245967,0,0,0.307313313,0,0,0,0.103669233,0,0,0,0,0.077668396,0,0,0,0.10314814,0,0,0.118532422,0,0,0,0,0,0,0,0.159109464,0,0,0,0,0,0,0,0,0,0,0,0,0.079974387,0,0,0,0.507684189,0,0,0,0.116411279,0,0,0,0,0,0.112466891,0,0,0,0,0,0,0,0,0.118817327,0,0,0,0.098745708,0,0,0,0,0,0,0.206014481,0,0,0,0.097394565,0,0,0.087065969,0.075155851,0
0.040019014,0.162555857,0,0,0.046999226,0,0,0,0,0,0.035758232,0,0.04305386,0.198953948,0.072144234,0,0.207901595,0.107523296,0.124550952,0.085510292,0.15477664,0,0.114856391,0,0,0.044512515,0.040916898,0.045735777,0.097250952,0,0.03540413,0,0,0.042026408,0,0.074209019,0.046883099,0,0.164460753,0.049005404,0,0,0,0.066408594,0,0.042203036,0.041517494,0,0,0,0.042229549,0.041740681,0,0.168729533,0,0.253155635,0.033379451,0,0,0,0.508549408,0,0,0,0,0,0.042987291,0,0.044463123,0.085619768,0.046941068,0.192187062,0,0,0.032641149,0,0,0,0,0,0.120923256,0.339979294,0.118243126,0,0.039996528,0,0,0,0,0.240125334,0,0.083864443,0,0,0,0,0.038356206,0,0.094104918,0.340301046
0.10924932,0.059168931,0,0.02273764,0.014256094,0.045539992,0.296532342,0.028032446,0.023856804,0.054682235,0.010846407,0.028460427,0.07835617,0.012069587,0.175065861,0,0.025224796,0.31527473,0.075559121,0.051875015,0.011736951,0.05220039,0,0.091872609,0.323530915,0.027003619,0,0.013872857,0.226157136,0.048961143,0.032216996,0.012763965,0.026117375,0.025495417,0,0.300127145,0.01422087,0,0,0,0.012393698,0,0,0,0,0,0.025186683,0.028032446,0.013546268,0.025271146,0.128093265,0,0,0,0,0,0.040499441,0.033347386,0,0,0.50776043,0.060079744,0,0.093953736,0.029475636,0.039652259,0.01303917,0,0.013486828,0.051941429,0,0,0,0.01431064,0.029702742,0,0.026376672,0,0.012849718,0.376060665,0,0,0.107598696,0.137514672,0.012131993,0.026600309,0.011377829,0,0.01327606,0.024278764,0.026081699,0.025438278,0.011823305,0.02602573,0.012330277,0,0,0.066135983,0.019029655,0
0,0,0,0,0,0,0,0,0,0,0,0,0,0,0,0,0,0,0,0,0,0,0,0,0,0,0,0,0,0,0,0,0,0,0,0,0,0,0,0,0,0,0,0,0,0,0,0,0,0,0,0,0,0,0,0,0,0,0,0,0,0,0,0,0,0,0,0,0,0,0,0,0,0,0,0,0,0,0,0,0,0,0,0,0,0,0,0,0,0,0,0,0,0,0,0,0,0,0,0
0,0.031905015,0,0,0,0.073668095,0,0.18138755,0,0.058971407,0,0,0,0.156195631,0,0,0,0,0.081485836,0,0,0.084442335,0,0,0.045509748,0,0.32123216,0.044883054,0.063625167,0,0.069488072,0.041295439,0,0.041242844,0,0.339851979,0,0,0,0,0,0.086696821,0,0,0,0.041416179,0,0.18138755,0,0.040880051,0.041442198,0.040962444,0,0,0.046702057,0.397497054,0,0,0,0,0.519862216,0.038875372,0,0,0,0,0.042185812,0,0.043634127,0.042011712,0,0.047150955,0,0,0.064065137,0,0.213342061,0,0.041572876,0.048666979,0.079112463,0.083410132,0.038679512,0.040445745,0,0,0.073621709,0.042879711,0,0,0.337529974,0.041150413,0.038252108,0.042100708,0,0,0,0,0.030783458,0
0,0,0,0,0,0,0,0,0,0,0,0,0,0,0,0,0,0,0,0,0,0,0.316106914,0,0,0,0,0,0,0,0,0,0,0,0,0,0,0,0,0,0,0,0,0,0.373777816,0,0,0,0,0,0,0,0.385082601,0,0,0,0,0,0,0,0.699812968,0,0,0,0,0,0,0,0,0,0,0,0,0,0,0,0,0,0.349771016,0,0,0,0,0,0,0,0,0,0,0,0,0,0,0,0,0,0,0,0,0
0,0,0,0,0,0,0,0,0,0.144251993,0.085838615,0.450472446,0,0,0,0.105369349,0,0,0,0,0,0,0,0,0,0,0,0,0,0,0.509931514,0,0,0,0,0,0,0.11625121,0,0,0,0,0,0,0,0,0,0,0,0,0,0,0,0,0,0,0,0,0,0,0.457795047,0,0,0,0,0,0,0,0,0,0,0,0,0,0,0.185898234,0,0,0,0,0,0,0,0,0,0,0,0,0,0,0,0.30197834,0,0,0,0,0.368300492,0.087233516,0.075300479,0
0,0.115676668,0,0,0,0,0,0,0,0.106905072,0,0.222563254,0,0,0,0.156178333,0,0,0,0,0,0,0,0,0,0,0,0,0,0,0,0,0.459540804,0.448597326,0,0,0.166812834,0.172307414,0,0.174364123,0,0,0,0,0,0,0,0,0,0,0.150255231,0,0,0,0,0,0,0,0.185154085,0.165021839,0.226181104,0,0.153700434,0,0.172876709,0,0,0,0,0,0,0,0.185183554,0,0.116139135,0.137769078,0,0.159999735,0,0,0,0,0,0.146642432,0,0,0,0,0,0,0,0,0,0,0,0.282273141,0.136473645,0,0,0
0,0.036449849,0,0.08404244,0,0,0.054801864,0,0,0.235801363,0,0.210389797,0,0.223056906,0.040442197,0.147635907,0,0,0,0,0,0,0.042923687,0,0,0,0,0,0.036344251,0,0.277852997,0,0,0,0,0.110932433,0.105125825,0.271471304,0,0.27471166,0,0.099046687,0,0.186134727,0,0.047315868,0,0,0.050069463,0.046703369,0,0.046797499,0,0,0,0,0,0,0.291711305,0.259992839,0.356349606,0.08882625,0,0,0,0,0.096390268,0,0,0,0,0,0.291757735,0,0.14638229,0.260467153,0.04874648,0.050416097,0,0.111199071,0,0.047645906,0,0,0.044842044,0.098319563,0,0,0,0,0.048201343,0.047012244,0,0,0.04557494,0,0,0,0,0
0,0.036825252,0.097295297,0.169816014,0.026617901,0.085028832,0,0,0,0.136131382,0.060754772,0.442826324,0.073150359,0,0.020429359,0.049718811,0,0.040597045,0,0.024214277,0.021914347,0.024366156,0.021682883,0.02450537,0,0.100838234,0.023173189,0.051804701,0.073437132,0,0.300765696,0,0.170675357,0.071404673,0.053922905,0.098065576,0.079656399,0.109706892,0,0.027754096,0,0,0.055290474,0.094025879,0.051277465,0,0.023513335,0,0,0,0,0,0.026414167,0,0,0,0.207948114,0,0,0,0.636034817,0.044870543,0,0,0.055034679,0,0.048691504,0.10017955,0.050363171,0.024245278,0.053169927,0,0,0.053439489,0.073944952,0.109645727,0,0.05093534,0.047984043,0,0,0,0,0,0.04530388,0,0.021243823,0.074238618,0.024788057,0,0.024348888,0.071244646,0.044151163,0,0,0,0.065168842,0.020580685,0.1065922,0.0428286
0.036862225,0.029946618,0.052747593,0,0,0.046097461,0,0,0.036223263,0.249082277,0.065875085,0.0960294,0.079315351,0.012217334,0,0,0,0.022009249,0.038242032,0,0.011880626,0.052839391,0.035265421,0.066426607,0,0.082002536,0.050252375,0.042128037,0.318505174,0.012390123,0.043481832,0.012920213,0.039655628,0,0.01461686,0.318991147,0.057579807,0.133821911,0.025247954,0.060186331,0,0.027125062,0.014987566,0.050975113,0.069498807,0.025915978,0,0,0,0,0.025932259,0.012816028,0.05728062,0.025903295,0.116894362,0.031091487,0.051244009,0,0.063910768,0.056961598,0.56602429,0.072978238,0,0,0.074591139,0.013379218,0.06599393,0.02715563,0.040955772,0,0.086476503,0,0.063920941,0,0.110243254,0.190218384,0.253645787,0.069035109,0.05202806,0,0.024752124,0,0.326747534,0,0.012280504,0.013462966,0.011517109,0,0.026877154,0,0.013200486,0,0.035904113,0.052688637,0,0.133971678,0.047107443,0.055787978,0.077050411,0.069657187
0.100268362,0,0,0,0,0,0,0,0,0.037640267,0,0,0,0,0.09037934,0,0,0,0,0,0,0,0,0.650469511,0,0,0,0,0,0,0,0,0,0,0,0,0,0,0,0,0,0,0,0,0,0,0,0,0,0,0,0,0,0,0,0,0,0,0,0,0.663635272,0,0,0,0,0,0,0,0,0,0,0,0,0,0,0.048507193,0,0,0,0,0,0,0,0,0,0,0,0,0,0.10027306,0.32315793,0,0,0,0,0,0,0,0,0
0.036838072,0.038477567,0.033886949,0.064073931,0.030902469,0.049357776,0,0.012153003,0.005171361,0.075070832,0.032915961,0.008225698,0.209481797,0.01046514,0.109101805,0.126988028,0.043743172,0.009426355,0.010919136,0.011244777,0.020353443,0.062234193,0.025173082,0.022759914,0,0.017560459,0.064567863,0.018043043,0.038366094,0.047759161,0.074491443,0.022134423,0.011322756,0.044212465,0.056342376,0.185414101,0.018495668,0,0.043253847,0,0.069850074,0.029043525,0.006419034,0.100427949,0.053578237,0.016649355,0.131031237,0.012153003,0,0,0.044426173,0.054889845,0.055198693,0.033282415,0,0.019974289,0.06145252,0,0,0.012198059,0.813649258,0.06251179,0.045444821,0,0.031946686,0,0.005652916,0.040706755,0.099398848,0.106962149,0.006172846,0,0,0.093062116,0.137356078,0.040734375,0.034305509,0.047307344,0.02228313,0.006521395,0.015901654,0,0.005183071,0,0.189346491,0.017298186,0.034528688,0.011491798,0.023022466,0.021051313,0.101765601,0.016542517,0.066635378,0.039490586,0.021382351,0,0.1059223,0.004778694,0.057749945,0.004972253
0,0.189853226,0,0,0,0,0.71360452,0.134920058,0,0,0,0.091319953,0,0,0,0,0,0,0,0,0,0,0,0,0,0,0.23893956,0,0,0,0.103373519,0,0,0.245418691,0,0.433353244,0,0,0,0,0.238603283,0,0,0,0,0,0,0.134920058,0,0,0,0,0,0,0,0,0,0,0,0,0,0,0,0,0,0,0,0,0,0,0,0,0,0,0,0,0,0,0,0.144798285,0,0,0,0,0,0,0,0.127579496,0,0,0,0,0,0,0,0,0,0,0,0
0,0,0,0.136432096,0,0.27325248,0,0,0,0.328108451,0.130162846,0.113846928,0,0,0,0.159778608,0,0,0,0,0,0,0,0,0.168806476,0,0.148940806,0,0.118000436,0.146890163,0.257747779,0,0,0.152979514,0,0.270126812,0,0,0.149662601,0,0,0,0,0.120866318,0,0,0,0,0,0,0,0,0,0,0,0,0,0,0,0,0.231395106,0,0,0,0,0,0.156477206,0,0,0,0,0,0,0,0.118816413,0.422834931,0,0,0.15420368,0,0,0,0,0,0.291181171,0.159609169,0,0,0,0,0,0,0.141886163,0,0,0,0.139619681,0,0.114183163,0
0,0,0,0,0,0,0,0.128369094,0,0,0,0.304100885,0,0,0.100209976,0,0.115512011,0,0,0,0,0,0,0,0,0,0,0,0,0.056051991,0,0,0,0,0,0.171796681,0,0,0,0,0,0,0,0.276729125,0,0,0,0.128369094,0.434227364,0.173586393,0.058657801,0.231915007,0,0,0,0,0,0,0,0,0.323760549,0.055024683,0.180008298,0,0,0,0,0,0,0.118927798,0,0,0,0.06553277,0.045339295,0,0,0,0,0,0.055988381,0,0,0.343484452,0,0,0,0.242769899,0,0,0.059718014,0.291224029,0.054142508,0.059589865,0,0,0,0,0.174285152,0
0,0,0,0,0,0,0,0,0,0.291078257,0,0.302994622,0,0.385484717,0,0,0,0,0,0,0,0,0,0,0,0,0.396394213,0,0,0,0,0,0,0,0,0.239640404,0,0,0,0,0,0,0,0,0,0,0,0,0,0,0,0,0,0,0,0,0.323373032,0,0,0,0,0,0,0,0.470704055,0,0,0,0,0,0,0,0,0,0,0,0,0,0,0,0,0,0,0,0,0,0,0,0,0,0,0,0,0,0,0,0,0,0,0.366307138
0.123104929,0.100009597,0,0,0,0,0.300726207,0.071072275,0.060485528,0,0.054999038,0,0,0.183604312,0.332890917,0,0.063953878,0.055126495,0.063856463,0,0,0,0.058886125,0,0.071327526,0,0.062933482,0,0.099719862,0,0,0.129444861,0,0,0.073221604,0.418511296,0,0,0,0,0,0,0.075078619,0.051070881,0,0.194735,0.255428989,0.071072275,0,0,0,0,0,0,0,0,0,0,0,0,0.423686209,0,0,0,0,0,0,0.068016619,0,0.26338019,0,0,0,0,0.050204714,0,0,0,0.065157258,0,0.123993134,0.19609332,0.060622482,0,0,0,0.115387463,0,0.067319121,0.123110698,0,0,0,0.131969062,0,0.061010625,0,0.055892788,0.04824698,0.058156711
0,0,0,0.563043306,0.35301809,0,0,0,0,0,0,0,0,0,0,0,0,0,0,0,0,0,0.287567743,0,0,0,0,0,0,0,0,0,0.323367173,0,0,0.185798281,0,0,0,0,0,0,0,0,0,0,0,0,0,0,0,0,0,0,0,0,0.250717962,0,0,0,0.159157888,0,0,0,0,0,0,0,0,0,0,0,0,0,0,0,0,0,0,0,0,0,0,0,0,0,0,0,0,0,0,0,0,0,0.305329842,0,0,0.272949917,0,0.284005684
0,0,0,0,0,0,0,0,0,0,0,0,0,0.535735241,0,0,0,0,0,0,0,0,0,0,0,0,0,0,0,0,0,0,0,0,0,0,0,0,0,0,0,0,0,0,0,0,0,0,0,0,0,0,0,0,0,0,0,0,0,0,0,0,0,0,0,0,0,0,0,0,0,0.646892051,0,0,0,0,0,0,0,0,0.542695519,0,0,0,0,0,0,0,0,0,0,0,0,0,0,0,0,0,0,0
0,0.054830309,0.063911522,0.055774535,0.07926451,0.040959529,0.004849214,0,0.01170396,0.110287434,0.014189764,0.018616615,0.025627279,0.023684977,0.028628643,0.047900436,0,0.081780225,0.004118745,0,0.092128886,0,0.049376058,0,0,0.04857513,0.101480327,0.013611829,0.054671461,0.00800665,0.073758552,0.033396803,0.012812978,0.025015701,0.118069939,0.012270001,0.06046427,0.153737545,0.097893234,0.126402737,0.048642003,0.048203512,0,0.019764448,0.008982197,0.004186806,0.506611907,0,0,0.004132608,0.008378873,0.082818751,0.018507722,0.100434173,0,0.010045851,0.02980306,0,0.134224762,0.133433667,0.470878739,0.007859906,0.051425952,0,0.043381543,0.025937447,0.085292183,0,0,0,0.055882183,0,0.134246126,0.004680458,0.019429241,0.138286649,0.004313396,0.008922268,0.021013234,0,0.01999391,0,0,0,0.043646973,0.117449115,0.029769991,0.091029879,0,0,0.004265159,0.029119577,0,0.004256006,0.060491368,0.484028206,0.015220705,0.021630528,0.02178353,0.007502222
0,0.103680614,0,0,0,0,0,0,0.125411497,0,0.114035738,0,0,0.253791747,0,0,0,0,0.13240084,0,0,0,0,0,0,0,0,0,0.206760488,0,0,0.134196348,0.137294967,0.134025432,0,0.07888608,0,0,0,0,0,0,0,0,0.288740948,0.269177425,0,0,0,0,0,0.133114227,0.297473821,0,0,0,0.106449625,0,0,0,0.473025872,0,0.137761189,0,0,0.138963828,0,0,0,0,0,0,0,0,0,0,0,0,0,0,0,0.271054999,0.251390921,0,0,0,0.119622951,0,0.13958036,0,0,0,0.124306542,0,0,0,0,0.11588885,0.200071858,0
0.251481018,0,0.134945243,0.353293488,0,0,0,0,0,0.188809562,0,0.09826959,0,0,0.226678566,0,0.13064616,0,0,0,0.121577793,0,0.240587322,0.271904869,0,0,0,0,0.101854786,0.380374851,0.222480914,0,0,0,0,0.155444107,0.29461519,0,0,0,0,0,0,0,0,0,0,0,0,0,0,0,0,0,0,0,0,0,0,0,0.199733999,0,0,0,0,0,0,0.138945603,0,0,0,0,0,0,0,0.243319787,0,0,0,0,0,0,0,0,0,0,0,0.137288559,0,0.251492802,0,0.131751844,0,0,0,0,0,0,0,0
0.047078273,0.038246065,0,0.044091989,0,0,0,0,0.046262228,0.247421444,0.084131797,0,0.050648459,0.04680979,0,0.051637091,0,0.084326767,0,0.050297052,0.22759859,0,0,0.050901701,0,0,0,0,0,0,0,0,0,0,0,0.116399085,0,0.170909501,0.04836781,0.115299683,0.048066798,0,0,0.078122912,0.106511763,0,0,0,0,0,0,0.049103638,0.109733176,0,0.055983985,0,0.157070028,0,0.122434632,0.109122022,0.697965702,0.279610587,0.050817826,0,0,0,0,0,0,0,0,0,0.122454119,0,0.115196909,0.227752285,0,0.158701672,0.099670783,0,0,0,0,0,0,0,0,0,0,0,0,0,0.091709258,0,0,0,0.090244299,0,0.073803202,0
0,0,0,0,0,0,0,0,0,0,0.157513833,0.137769468,0.379301674,0,0,0.193352725,0,0,0,0,0,0,0,0,0,0,0,0,0,0.355512089,0,0,0,0,0.209702131,0.326888285,0,0,0,0,0,0,0,0,0,0,0,0,0.196721798,0.18349649,0,0,0,0,0,0,0,0,0,0,0.466696542,0,0,0,0,0,0,0,0,0,0,0,0,0,0,0,0,0,0.186606343,0,0,0,0,0,0.352366776,0,0,0,0,0,0,0,0.171700559,0,0,0,0,0,0.138176356,0
0.036536471,0.025441695,0.028007925,0.009776822,0.006129893,0.048953674,0.006375209,0.048214017,0.025645111,0.219449886,0.02798269,0.089741881,0.016845951,0.015569189,0.272873775,0.03434955,0.086770075,0.014023769,0.010829738,0.050187213,0.035326909,0.09539267,0.024966984,0.045147148,0,0.029027812,0.010673205,0.035790642,0.016911992,0,0.023087989,0.043906409,0.022460108,0,0.01862703,0.158086101,0,0,0.026812324,0,0.005329092,0.023044591,0,0.060629572,0.035426387,0.005504348,0.259916913,0.048214017,0.005824679,0.021732378,0.016523417,0.03266427,0.024331898,0.016504962,0,0,0.065302924,0.007169422,0,0.006049096,0.668804909,0.067166659,0.028170472,0.013466202,0.038022158,0,0.005606635,0.01730292,0.098585049,0.273591314,0.036733845,0.018799556,0,0.196907087,0.229890681,0.242405245,0.034024643,0.005865004,0.022100693,0,0.052571546,0.016628226,0,0,0.046949068,0.034313124,0.044030564,0.011397712,0.02854247,0.031318443,0.022429428,0.005469027,0.061005988,0.005595324,0.042414579,0.046561943,0.020010494,0.042656124,0.085915701,0.009863089
